file,state,world_tick,player_x,player_y,facing,shot_sequence,dashing,panel_width,panel_height,settings_open
menu.png,MENU,0,100.000,480.000,1,0,false,960,600,false
viewport-600x400/menu.png,MENU,0,100.000,480.000,1,0,false,600,400,false
viewport-1280x800/menu.png,MENU,0,100.000,480.000,1,0,false,1280,800,false
settings.png,MENU,0,100.000,480.000,1,0,false,960,600,true
viewport-600x400/settings.png,MENU,0,100.000,480.000,1,0,false,600,400,true
viewport-1280x800/settings.png,MENU,0,100.000,480.000,1,0,false,1280,800,true
combat.png,RUNNING,29,230.000,450.000,1,1,false,960,600,false
viewport-600x400/combat.png,RUNNING,30,230.000,450.000,1,1,false,600,400,false
viewport-1280x800/combat.png,RUNNING,32,230.000,450.000,1,1,false,1280,800,false
pause.png,PAUSED,33,230.000,450.000,1,1,false,960,600,false
viewport-600x400/pause.png,PAUSED,33,230.000,450.000,1,1,false,600,400,false
viewport-1280x800/pause.png,PAUSED,33,230.000,450.000,1,1,false,1280,800,false
upgrade.png,UPGRADE_SELECTION,34,230.000,450.000,1,1,false,960,600,false
viewport-600x400/upgrade.png,UPGRADE_SELECTION,34,230.000,450.000,1,1,false,600,400,false
viewport-1280x800/upgrade.png,UPGRADE_SELECTION,34,230.000,450.000,1,1,false,1280,800,false
legacy-boss.png,BOSS_FIGHT,47,100.000,450.000,1,0,false,960,600,false
viewport-600x400/legacy-boss.png,BOSS_FIGHT,48,100.000,450.000,1,0,false,600,400,false
viewport-1280x800/legacy-boss.png,BOSS_FIGHT,50,100.000,450.000,1,0,false,1280,800,false
legacy-boss-paused.png,PAUSED,51,100.000,450.000,1,0,false,960,600,false
viewport-600x400/legacy-boss-paused.png,PAUSED,51,100.000,450.000,1,0,false,600,400,false
viewport-1280x800/legacy-boss-paused.png,PAUSED,51,100.000,450.000,1,0,false,1280,800,false
legacy-laser-warning.png,BOSS_FIGHT,61,100.000,450.000,1,0,false,960,600,false
viewport-600x400/legacy-laser-warning.png,BOSS_FIGHT,62,100.000,450.000,1,0,false,600,400,false
viewport-1280x800/legacy-laser-warning.png,BOSS_FIGHT,64,100.000,450.000,1,0,false,1280,800,false
legacy-warning-flashes-off.png,BOSS_FIGHT,66,100.000,450.000,1,0,false,960,600,false
viewport-600x400/legacy-warning-flashes-off.png,BOSS_FIGHT,67,100.000,450.000,1,0,false,600,400,false
viewport-1280x800/legacy-warning-flashes-off.png,BOSS_FIGHT,69,100.000,450.000,1,0,false,1280,800,false
legacy-volley-warning.png,BOSS_FIGHT,189,100.000,450.000,1,0,false,960,600,false
viewport-600x400/legacy-volley-warning.png,BOSS_FIGHT,190,100.000,450.000,1,0,false,600,400,false
viewport-1280x800/legacy-volley-warning.png,BOSS_FIGHT,192,100.000,450.000,1,0,false,1280,800,false
legacy-one-link-broken.png,BOSS_FIGHT,194,100.000,450.000,1,0,false,960,600,false
viewport-600x400/legacy-one-link-broken.png,BOSS_FIGHT,195,100.000,450.000,1,0,false,600,400,false
viewport-1280x800/legacy-one-link-broken.png,BOSS_FIGHT,197,100.000,450.000,1,0,false,1280,800,false
legacy-core-exposed.png,BOSS_FIGHT,199,100.000,450.000,1,0,false,960,600,false
viewport-600x400/legacy-core-exposed.png,BOSS_FIGHT,200,100.000,450.000,1,0,false,600,400,false
viewport-1280x800/legacy-core-exposed.png,BOSS_FIGHT,202,100.000,450.000,1,0,false,1280,800,false
legacy-enraged.png,BOSS_FIGHT,204,100.000,450.000,1,0,false,960,600,false
viewport-600x400/legacy-enraged.png,BOSS_FIGHT,205,100.000,450.000,1,0,false,600,400,false
viewport-1280x800/legacy-enraged.png,BOSS_FIGHT,207,100.000,450.000,1,0,false,1280,800,false
legacy-defeated.png,BOSS_FIGHT,242,100.000,450.000,1,0,false,960,600,false
viewport-600x400/legacy-defeated.png,BOSS_FIGHT,243,100.000,450.000,1,0,false,600,400,false
viewport-1280x800/legacy-defeated.png,BOSS_FIGHT,245,100.000,450.000,1,0,false,1280,800,false
mission-complete.png,MISSION_COMPLETE,298,100.000,450.000,1,0,false,960,600,false
viewport-600x400/mission-complete.png,MISSION_COMPLETE,298,100.000,450.000,1,0,false,600,400,false
viewport-1280x800/mission-complete.png,MISSION_COMPLETE,298,100.000,450.000,1,0,false,1280,800,false
motion/frame-000.png,RUNNING,2,105.000,450.000,1,1,false,960,600,false
motion/frame-001.png,RUNNING,3,110.000,450.000,1,1,false,960,600,false
motion/frame-002.png,RUNNING,4,115.000,450.000,1,1,false,960,600,false
motion/frame-003.png,RUNNING,5,120.000,450.000,1,1,false,960,600,false
motion/frame-004.png,RUNNING,6,125.000,450.000,1,1,false,960,600,false
motion/frame-005.png,RUNNING,7,130.000,450.000,1,1,false,960,600,false
motion/frame-006.png,RUNNING,8,135.000,450.000,1,1,false,960,600,false
motion/frame-007.png,RUNNING,9,140.000,450.000,1,1,false,960,600,false
motion/frame-008.png,RUNNING,10,145.000,450.000,1,1,false,960,600,false
motion/frame-009.png,RUNNING,11,150.000,437.600,1,1,false,960,600,false
motion/frame-010.png,RUNNING,12,155.000,425.800,1,1,false,960,600,false
motion/frame-011.png,RUNNING,13,160.000,414.600,1,1,false,960,600,false
motion/frame-012.png,RUNNING,14,165.000,404.000,1,1,false,960,600,false
motion/frame-013.png,RUNNING,15,170.000,394.000,1,1,false,960,600,false
motion/frame-014.png,RUNNING,16,175.000,384.600,1,1,false,960,600,false
motion/frame-015.png,RUNNING,17,180.000,375.800,1,1,false,960,600,false
motion/frame-016.png,RUNNING,18,185.000,367.600,1,1,false,960,600,false
motion/frame-017.png,RUNNING,19,190.000,360.000,1,1,false,960,600,false
motion/frame-018.png,RUNNING,20,195.000,353.000,1,2,false,960,600,false
motion/frame-019.png,RUNNING,21,200.000,346.600,1,2,false,960,600,false
motion/frame-020.png,RUNNING,22,205.000,340.800,1,2,false,960,600,false
motion/frame-021.png,RUNNING,23,210.000,335.600,1,2,false,960,600,false
motion/frame-022.png,RUNNING,24,215.000,331.000,1,2,false,960,600,false
motion/frame-023.png,RUNNING,25,220.000,327.000,1,2,false,960,600,false
motion/frame-024.png,RUNNING,26,225.000,323.600,1,2,false,960,600,false
motion/frame-025.png,RUNNING,27,230.000,320.800,1,2,false,960,600,false
motion/frame-026.png,RUNNING,28,235.000,318.600,1,2,false,960,600,false
motion/frame-027.png,RUNNING,29,240.000,317.000,1,2,false,960,600,false
motion/frame-028.png,RUNNING,30,245.000,316.000,1,2,false,960,600,false
motion/frame-029.png,RUNNING,31,250.000,315.600,1,2,false,960,600,false
motion/frame-030.png,RUNNING,32,255.000,315.800,1,2,false,960,600,false
motion/frame-031.png,RUNNING,33,260.000,316.600,1,2,false,960,600,false
motion/frame-032.png,RUNNING,34,265.000,318.000,1,2,false,960,600,false
motion/frame-033.png,RUNNING,35,270.000,320.000,1,2,false,960,600,false
motion/frame-034.png,RUNNING,36,275.000,322.600,1,2,false,960,600,false
motion/frame-035.png,RUNNING,37,280.000,325.800,1,2,false,960,600,false
motion/frame-036.png,RUNNING,38,285.000,329.600,1,3,false,960,600,false
motion/frame-037.png,RUNNING,39,290.000,334.000,1,3,false,960,600,false
motion/frame-038.png,RUNNING,40,295.000,339.000,1,3,false,960,600,false
motion/frame-039.png,RUNNING,41,300.000,344.600,1,3,false,960,600,false
motion/frame-040.png,RUNNING,42,305.000,350.800,1,3,false,960,600,false
motion/frame-041.png,RUNNING,43,310.000,357.600,1,3,false,960,600,false
motion/frame-042.png,RUNNING,44,315.000,365.000,1,3,false,960,600,false
motion/frame-043.png,RUNNING,45,320.000,373.000,1,3,false,960,600,false
motion/frame-044.png,RUNNING,46,325.000,381.600,1,3,false,960,600,false
motion/frame-045.png,RUNNING,47,330.000,390.800,1,3,false,960,600,false
motion/frame-046.png,RUNNING,48,335.000,400.600,1,3,false,960,600,false
motion/frame-047.png,RUNNING,49,340.000,411.000,1,3,false,960,600,false
motion/frame-048.png,RUNNING,50,345.000,422.000,1,3,false,960,600,false
motion/frame-049.png,RUNNING,51,350.000,433.600,1,3,false,960,600,false
motion/frame-050.png,RUNNING,52,355.000,445.800,1,3,false,960,600,false
motion/frame-051.png,RUNNING,53,360.000,450.000,1,3,false,960,600,false
motion/frame-052.png,RUNNING,54,365.000,450.000,1,3,false,960,600,false
motion/frame-053.png,RUNNING,55,370.000,450.000,1,3,false,960,600,false
motion/frame-054.png,RUNNING,56,380.000,450.000,1,3,true,960,600,false
motion/frame-055.png,RUNNING,57,390.000,450.000,1,3,true,960,600,false
motion/frame-056.png,RUNNING,58,400.000,450.000,1,3,true,960,600,false
motion/frame-057.png,RUNNING,59,410.000,450.000,1,3,true,960,600,false
motion/frame-058.png,RUNNING,60,420.000,450.000,1,3,true,960,600,false
motion/frame-059.png,RUNNING,61,430.000,450.000,1,3,true,960,600,false
motion/frame-060.png,RUNNING,62,440.000,450.000,1,3,true,960,600,false
motion/frame-061.png,RUNNING,63,450.000,450.000,1,3,false,960,600,false
motion/frame-062.png,RUNNING,64,455.000,450.000,1,4,false,960,600,false
motion/frame-063.png,RUNNING,65,460.000,450.000,1,4,false,960,600,false
motion/frame-064.png,RUNNING,66,455.000,450.000,-1,4,false,960,600,false
motion/frame-065.png,RUNNING,67,450.000,450.000,-1,4,false,960,600,false
motion/frame-066.png,RUNNING,68,445.000,450.000,-1,4,false,960,600,false
motion/frame-067.png,RUNNING,69,440.000,450.000,-1,4,false,960,600,false
motion/frame-068.png,RUNNING,70,435.000,450.000,-1,4,false,960,600,false
motion/frame-069.png,RUNNING,71,430.000,450.000,-1,4,false,960,600,false
motion/frame-070.png,RUNNING,72,425.000,450.000,-1,4,false,960,600,false
motion/frame-071.png,RUNNING,73,420.000,450.000,-1,4,false,960,600,false
motion/frame-072.png,RUNNING,74,415.000,450.000,-1,4,false,960,600,false
motion/frame-073.png,RUNNING,75,410.000,450.000,-1,4,false,960,600,false
motion/frame-074.png,RUNNING,76,405.000,450.000,-1,4,false,960,600,false
motion/frame-075.png,RUNNING,77,400.000,450.000,-1,4,false,960,600,false
motion/frame-076.png,RUNNING,78,395.000,450.000,-1,4,false,960,600,false
motion/frame-077.png,RUNNING,79,390.000,450.000,-1,4,false,960,600,false
motion/frame-078.png,RUNNING,80,385.000,450.000,-1,4,false,960,600,false
motion/frame-079.png,RUNNING,81,380.000,450.000,-1,4,false,960,600,false
motion/frame-080.png,RUNNING,82,375.000,450.000,-1,5,false,960,600,false
motion/frame-081.png,RUNNING,83,370.000,450.000,-1,5,false,960,600,false
motion/frame-082.png,RUNNING,84,365.000,450.000,-1,5,false,960,600,false
motion/frame-083.png,RUNNING,85,360.000,450.000,-1,5,false,960,600,false
motion/frame-084.png,RUNNING,86,355.000,450.000,-1,5,false,960,600,false
motion/frame-085.png,RUNNING,87,350.000,450.000,-1,5,false,960,600,false
motion/frame-086.png,RUNNING,88,345.000,450.000,-1,5,false,960,600,false
motion/frame-087.png,RUNNING,89,340.000,450.000,-1,5,false,960,600,false
motion/frame-088.png,RUNNING,90,335.000,450.000,-1,5,false,960,600,false
motion/frame-089.png,RUNNING,91,330.000,450.000,-1,5,false,960,600,false
motion/frame-090.png,RUNNING,92,325.000,450.000,-1,5,false,960,600,false
motion/frame-091.png,RUNNING,93,320.000,450.000,-1,5,false,960,600,false
motion/frame-092.png,RUNNING,94,315.000,450.000,-1,5,false,960,600,false
motion/frame-093.png,RUNNING,95,310.000,450.000,-1,5,false,960,600,false
motion/frame-094.png,RUNNING,96,305.000,450.000,-1,5,false,960,600,false
motion/frame-095.png,RUNNING,97,300.000,450.000,-1,5,false,960,600,false
